Date,Temp High,Temp Low,Precipitation,Year
2014-1-1,72.06,49.34,0.0,2014
2014-1-2,79.27,53.65,0.0,2014
2014-1-3,71.57,52.39,0.002,2014
2014-1-4,69.33,51.6,0.0,2014
2014-1-5,76.42,50.85,0.001,2014
2014-1-6,76.95,55.19,0.0,2014
2014-1-7,68.2,51.29,0.0,2014
2014-1-8,66.91,50.18,0.0,2014
2014-1-9,63.78,50.46,0.001,2014
2014-1-10,71.53,48.04,0.002,2014
2014-1-11,74.37,51.2,0.0025,2014
2014-1-12,68.48,53.21,0.0035,2014
2014-1-13,79.86,55.25,0.0,2014
2014-1-14,81.98,57.71,0.0,2014
2014-1-15,84.56,59.74,0.0,2014
2014-1-16,84.55,59.55,0.0,2014
2014-1-17,85.09,59.54,0.0,2014
2014-1-18,83.16,55.17,0.0,2014
2014-1-19,78.8,53.08,0.0,2014
2014-1-20,79.61,51.08,0.0,2014
2014-1-21,76.75,56.21,0.0,2014
2014-1-22,76.86,56.01,0.0,2014
2014-1-23,71.46,51.9,0.0,2014
2014-1-24,71.81,56.4,0.0,2014
2014-1-25,74.83,57.65,0.0,2014
2014-1-26,67.77,53.67,0.0,2014
2014-1-27,69.48,52.66,0.001,2014
2014-1-28,70.68,52.41,0.0,2014
2014-1-29,73.68,55.37,0.0015,2014
2014-1-30,61.26,56.24,0.0225,2014
2014-1-31,62.19,53.93,0.0175,2014
2014-2-1,64.56,47.65,0.0,2014
2014-2-2,61.12,45.92,0.11599999999999999,2014
2014-2-3,60.97,45.76,0.0295,2014
2014-2-4,61.18,46.53,0.0,2014
2014-2-5,63.27,47.4,0.0,2014
2014-2-6,58.46,51.63,0.205,2014
2014-2-7,61.21,50.31,0.0265,2014
2014-2-8,64.77,51.95,0.0,2014
2014-2-9,64.76,55.54,0.002,2014
2014-2-10,69.23,53.43,0.0,2014
2014-2-11,72.59,53.85,0.001,2014
2014-2-12,79.71,55.35,0.0025,2014
2014-2-13,81.31,55.74,0.0,2014
2014-2-14,80.87,53.33,0.0,2014
2014-2-15,80.51,55.12,0.001,2014
2014-2-16,73.94,56.34,0.001,2014
2014-2-17,68.83,53.55,0.0015,2014
2014-2-18,68.1,54.92,0.0,2014
2014-2-19,67.7,53.76,0.0,2014
2014-2-20,81.89,53.12,0.002,2014
2014-2-21,79.17,56.99,0.0,2014
2014-2-22,73.1,53.31,0.0,2014
2014-2-23,73.7,51.94,0.0,2014
2014-2-24,72.88,52.03,0.0,2014
2014-2-25,70.06,54.63,0.0,2014
2014-2-26,64.91,56.83,0.0515,2014
2014-2-27,69.22,56.97,0.5295,2014
2014-2-28,60.89,55.85,0.8625,2014
2014-3-1,60.52,52.58,0.46299999999999997,2014
2014-3-2,60.81,52.41,0.0205,2014
2014-3-3,68.92,51.53,0.004,2014
2014-3-4,68.33,53.85,0.003,2014
2014-3-5,73.95,54.78,0.0035,2014
2014-3-6,71.81,58.09,0.0,2014
2014-3-7,72.06,56.32,0.0,2014
2014-3-8,81.59,55.94,0.0,2014
2014-3-9,83.88,60.95,0.0,2014
2014-3-10,80.08,57.6,0.0,2014
2014-3-11,76.32,55.21,0.0,2014
2014-3-12,78.19,55.73,0.0,2014
2014-3-13,70.6,56.99,0.0,2014
2014-3-14,73.12,52.26,0.001,2014
2014-3-15,82.91,54.76,0.0,2014
2014-3-16,90.29,60.05,0.0,2014
2014-3-17,75.56,58.25,0.0,2014
2014-3-18,74.32,56.8,0.0,2014
2014-3-19,76.76,54.76,0.0,2014
2014-3-20,73.25,55.99,0.0,2014
2014-3-21,67.8,55.32,0.0,2014
2014-3-22,66.51,56.46,0.0,2014
2014-3-23,69.53,52.7,0.0,2014
2014-3-24,68.47,57.51,0.0,2014
2014-3-25,64.2,57.27,0.0,2014
2014-3-26,64.1,55.24,0.0525,2014
2014-3-27,65.65,51.47,0.0,2014
2014-3-28,69.88,52.85,0.0,2014
2014-3-29,75.57,53.28,0.0,2014
2014-3-30,70.95,55.83,0.0,2014
2014-3-31,65.61,51.59,0.0025,2014
2014-4-1,62.28,51.0,0.303,2014
2014-4-2,60.51,47.83,0.22699999999999998,2014
2014-4-3,67.54,46.71,0.0,2014
2014-4-4,64.96,51.05,0.0,2014
2014-4-5,67.63,50.6,0.0,2014
2014-4-6,80.03,52.92,0.0,2014
2014-4-7,85.97,57.46,0.0,2014
2014-4-8,90.77,60.1,0.0,2014
2014-4-9,90.42,59.91,0.0,2014
2014-4-10,83.9,54.35,0.0,2014
2014-4-11,79.15,57.78,0.0,2014
2014-4-12,67.11,56.56,0.0,2014
2014-4-13,67.57,56.44,0.0,2014
2014-4-14,80.74,53.44,0.0,2014
2014-4-15,76.73,57.57,0.0,2014
2014-4-16,73.08,57.23,0.0,2014
2014-4-17,70.47,58.56,0.0,2014
2014-4-18,70.48,59.89,0.002,2014
2014-4-19,74.21,55.96,0.0,2014
2014-4-20,78.16,57.14,0.0,2014
2014-4-21,79.83,58.49,0.0,2014
2014-4-22,70.48,59.09,0.0,2014
2014-4-23,72.5,53.9,0.0,2014
2014-4-24,77.9,55.43,0.0,2014
2014-4-25,69.15,56.23,0.19,2014
2014-4-26,66.39,50.69,0.205,2014
2014-4-27,68.18,52.25,0.0,2014
2014-4-28,79.34,55.14,0.0,2014
2014-4-29,91.04,63.34,0.0,2014
2014-4-30,91.0,67.47,0.0,2014
2014-5-1,92.03,67.41,0.0,2014
2014-5-2,95.03,66.01,0.0,2014
2014-5-3,89.4,64.23,0.0,2014
2014-5-4,82.19,60.52,0.0,2014
2014-5-5,71.3,57.84,0.0,2014
2014-5-6,65.41,54.67,0.002,2014
2014-5-7,66.95,53.95,0.0,2014
2014-5-8,70.34,54.86,0.0,2014
2014-5-9,72.12,55.06,0.0,2014
2014-5-10,72.62,58.43,0.0,2014
2014-5-11,80.72,58.57,0.0,2014
2014-5-12,89.59,61.58,0.0,2014
2014-5-13,93.43,67.52,0.0,2014
2014-5-14,98.56,68.75,0.0,2014
2014-5-15,101.36,71.45,0.0,2014
2014-5-16,93.64,69.84,0.0,2014
2014-5-17,81.71,64.87,0.0,2014
2014-5-18,75.66,62.49,0.0,2014
2014-5-19,73.27,61.35,0.0,2014
2014-5-20,68.14,58.36,0.0,2014
2014-5-21,70.67,56.15,0.0,2014
2014-5-22,68.66,58.14,0.004,2014
2014-5-23,71.41,61.21,0.0,2014
2014-5-24,69.58,60.79,0.0,2014
2014-5-25,78.48,63.74,0.0,2014
2014-5-26,82.35,63.2,0.0,2014
2014-5-27,82.04,64.76,0.0,2014
2014-5-28,80.12,65.04,0.0,2014
2014-5-29,79.04,63.99,0.0,2014
2014-5-30,83.13,60.63,0.0,2014
2014-5-31,81.9,60.5,0.0,2014
2014-6-1,82.06,59.69,0.0,2014
2014-6-2,77.52,59.18,0.0,2014
2014-6-3,83.6,57.31,0.0,2014
2014-6-4,81.97,59.12,0.0,2014
2014-6-5,80.66,60.73,0.0,2014
2014-6-6,76.91,60.77,0.0,2014
2014-6-7,76.41,61.53,0.0,2014
2014-6-8,80.36,61.68,0.0,2014
2014-6-9,82.44,62.45,0.0,2014
2014-6-10,75.51,63.82,0.0,2014
2014-6-11,78.16,63.81,0.0,2014
2014-6-12,78.03,62.77,0.0,2014
2014-6-13,77.32,61.4,0.0,2014
2014-6-14,79.51,61.66,0.0,2014
2014-6-15,76.62,62.61,0.0,2014
2014-6-16,76.27,63.11,0.0,2014
2014-6-17,75.65,59.21,0.0,2014
2014-6-18,76.81,59.49,0.0,2014
2014-6-19,83.46,60.59,0.0,2014
2014-6-20,85.13,62.37,0.0,2014
2014-6-21,82.21,63.99,0.0,2014
2014-6-22,79.58,64.55,0.0,2014
2014-6-23,78.56,65.25,0.0,2014
2014-6-24,79.52,64.81,0.0,2014
2014-6-25,79.32,65.15,0.0,2014
2014-6-26,79.04,66.0,0.0,2014
2014-6-27,80.79,65.43,0.0,2014
2014-6-28,81.36,66.8,0.0,2014
2014-6-29,83.22,66.5,0.0,2014
2014-6-30,81.22,67.5,0.0,2014
2014-7-1,81.73,66.86,0.0,2014
2014-7-2,81.83,65.34,0.0,2014
2014-7-3,87.52,66.28,0.0,2014
2014-7-4,87.51,67.14,0.0,2014
2014-7-5,89.49,68.96,0.0,2014
2014-7-6,88.62,69.39,0.0,2014
2014-7-7,87.47,68.44,0.0,2014
2014-7-8,84.8,67.57,0.0,2014
2014-7-9,84.3,68.17,0.0,2014
2014-7-10,82.63,67.29,0.0,2014
2014-7-11,82.36,65.65,0.0,2014
2014-7-12,82.66,65.15,0.0,2014
2014-7-13,85.63,68.27,0.0,2014
2014-7-14,81.29,69.94,0.0,2014
2014-7-15,80.98,68.95,0.0025,2014
2014-7-16,80.94,67.54,0.0,2014
2014-7-17,78.34,65.3,0.0,2014
2014-7-18,79.46,63.22,0.0,2014
2014-7-19,75.65,65.48,0.0,2014
2014-7-20,80.28,65.98,0.0,2014
2014-7-21,81.54,64.79,0.0,2014
2014-7-22,85.43,64.8,0.0,2014
2014-7-23,90.82,66.49,0.0,2014
2014-7-24,95.07,67.67,0.0,2014
2014-7-25,86.51,70.15,0.0,2014
2014-7-26,86.4,69.43,0.0,2014
2014-7-27,87.83,69.92,0.0235,2014
2014-7-28,87.78,70.47,0.002,2014
2014-7-29,89.4,69.32,0.0,2014
2014-7-30,89.9,69.98,0.0,2014
2014-7-31,89.45,69.59,0.0,2014
2014-8-1,87.46,68.52,0.0,2014
2014-8-2,85.58,68.35,0.03,2014
2014-8-3,86.12,73.63,0.0395,2014
2014-8-4,84.63,68.24,0.0,2014
2014-8-5,84.41,62.93,0.0,2014
2014-8-6,79.29,64.04,0.0,2014
2014-8-7,80.34,64.05,0.0,2014
2014-8-8,82.85,66.54,0.0,2014
2014-8-9,83.45,67.49,0.0,2014
2014-8-10,86.25,66.72,0.0,2014
2014-8-11,85.91,66.94,0.0,2014
2014-8-12,84.95,68.24,0.0,2014
2014-8-13,82.77,66.35,0.0,2014
2014-8-14,85.97,64.91,0.0,2014
2014-8-15,90.73,65.18,0.0,2014
2014-8-16,91.03,68.11,0.0,2014
2014-8-17,90.47,68.44,0.0,2014
2014-8-18,87.09,66.91,0.0,2014
2014-8-19,80.07,68.74,0.0,2014
2014-8-20,81.44,67.71,0.0,2014
2014-8-21,82.59,65.86,0.0,2014
2014-8-22,83.43,67.23,0.0,2014
2014-8-23,82.83,65.92,0.0,2014
2014-8-24,82.9,65.67,0.0,2014
2014-8-25,80.17,64.41,0.0,2014
2014-8-26,85.08,65.06,0.0,2014
2014-8-27,91.81,67.25,0.0,2014
2014-8-28,93.36,70.44,0.0,2014
2014-8-29,88.59,67.58,0.0,2014
2014-8-30,89.96,66.77,0.0,2014
2014-8-31,87.99,69.61,0.0,2014
2014-9-1,87.03,69.37,0.0,2014
2014-9-2,85.64,68.88,0.0,2014
2014-9-3,83.1,68.77,0.0,2014
2014-9-4,81.72,67.92,0.0,2014
2014-9-5,85.58,65.84,0.0,2014
2014-9-6,91.34,67.03,0.0,2014
2014-9-7,94.42,71.62,0.0,2014
2014-9-8,85.34,73.64,0.0305,2014
2014-9-9,89.11,69.97,0.0,2014
2014-9-10,89.73,64.83,0.0,2014
2014-9-11,90.91,70.0,0.0,2014
2014-9-12,92.4,70.11,0.0,2014
2014-9-13,95.45,70.67,0.0,2014
2014-9-14,100.48,73.92,0.0,2014
2014-9-15,98.91,74.58,0.0,2014
2014-9-16,100.5,75.79,0.0,2014
2014-9-17,95.2,74.89,0.0,2014
2014-9-18,81.38,67.44,0.0,2014
2014-9-19,80.51,67.35,0.0,2014
2014-9-20,79.34,66.09,0.0,2014
2014-9-21,80.19,65.32,0.0,2014
2014-9-22,82.32,63.08,0.0,2014
2014-9-23,86.6,63.82,0.002,2014
2014-9-24,92.54,65.25,0.001,2014
2014-9-25,87.97,70.15,0.0,2014
2014-9-26,81.01,65.97,0.0,2014
2014-9-27,74.46,61.39,0.0,2014
2014-9-28,76.21,62.55,0.0015,2014
2014-9-29,79.96,60.67,0.0,2014
2014-9-30,85.53,62.99,0.0,2014
2014-10-1,81.85,63.81,0.0,2014
2014-10-2,96.37,65.74,0.003,2014
2014-10-3,97.89,68.32,0.0,2014
2014-10-4,98.01,69.37,0.0,2014
2014-10-5,93.87,67.63,0.0,2014
2014-10-6,92.52,66.57,0.0025,2014
2014-10-7,92.36,66.02,0.001,2014
2014-10-8,84.69,65.22,0.001,2014
2014-10-9,78.87,67.04,0.0,2014
2014-10-10,79.48,64.92,0.0,2014
2014-10-11,82.76,64.04,0.0,2014
2014-10-12,80.48,66.29,0.0,2014
2014-10-13,82.42,64.98,0.0,2014
2014-10-14,76.76,65.36,0.0,2014
2014-10-15,76.18,63.87,0.0,2014
2014-10-16,76.81,61.22,0.0,2014
2014-10-17,75.4,60.46,0.0,2014
2014-10-18,76.62,61.1,0.0,2014
2014-10-19,77.41,60.61,0.0,2014
2014-10-20,77.47,63.37,0.0,2014
2014-10-21,78.2,62.64,0.0,2014
2014-10-22,83.0,60.38,0.0,2014
2014-10-23,86.17,62.19,0.002,2014
2014-10-24,87.32,61.59,0.0,2014
2014-10-25,80.34,64.31,0.0,2014
2014-10-26,75.84,60.79,0.0,2014
2014-10-27,75.94,59.36,0.0015,2014
2014-10-28,79.49,59.28,0.0,2014
2014-10-29,84.95,60.96,0.0,2014
2014-10-30,79.3,61.29,0.0,2014
2014-10-31,69.51,60.67,0.107,2014
2014-11-1,64.29,56.01,0.565,2014
2014-11-2,68.36,51.21,0.04,2014
2014-11-3,73.56,52.2,0.0,2014
2014-11-4,77.59,54.61,0.0,2014
2014-11-5,86.15,58.02,0.0085,2014
2014-11-6,90.13,63.18,0.0,2014
2014-11-7,89.04,63.58,0.0,2014
2014-11-8,88.91,62.56,0.0,2014
2014-11-9,78.32,60.89,0.0,2014
2014-11-10,70.21,61.23,0.0,2014
2014-11-11,67.4,61.99,0.0,2014
2014-11-12,68.52,58.76,0.0,2014
2014-11-13,68.44,55.56,0.013000000000000001,2014
2014-11-14,70.59,60.35,0.008,2014
2014-11-15,70.33,57.7,0.0015,2014
2014-11-16,72.89,56.47,0.001,2014
2014-11-17,76.75,57.37,0.0,2014
2014-11-18,76.28,55.79,0.0,2014
2014-11-19,72.21,54.93,0.0,2014
2014-11-20,68.58,53.44,0.0,2014
2014-11-21,70.77,55.7,0.032,2014
2014-11-22,71.47,54.1,0.0,2014
2014-11-23,77.48,57.28,0.0,2014
2014-11-24,78.94,56.56,0.0,2014
2014-11-25,79.98,55.97,0.0,2014
2014-11-26,85.6,56.39,0.0,2014
2014-11-27,88.83,61.35,0.0,2014
2014-11-28,81.0,57.39,0.0,2014
2014-11-29,73.15,54.39,0.0,2014
2014-11-30,63.64,59.06,0.2075,2014
2014-12-1,68.11,58.02,0.031,2014
2014-12-2,63.57,57.75,0.826,2014
2014-12-3,65.93,59.74,0.20600000000000002,2014
2014-12-4,68.87,58.7,0.05,2014
2014-12-5,67.44,56.7,0.0015,2014
2014-12-6,71.08,56.2,0.002,2014
2014-12-7,74.46,57.08,0.002,2014
2014-12-8,77.73,58.19,0.0,2014
2014-12-9,75.94,56.74,0.001,2014
2014-12-10,71.19,55.26,0.0,2014
2014-12-11,66.15,59.36,0.0235,2014
2014-12-12,61.37,53.54,1.5325,2014
2014-12-13,64.05,48.39,0.003,2014
2014-12-14,64.08,47.61,0.0,2014
2014-12-15,64.46,48.86,0.0,2014
2014-12-16,58.82,54.03,0.11699999999999999,2014
2014-12-17,61.87,52.03,0.38,2014
2014-12-18,62.26,48.98,0.0015,2014
2014-12-19,64.99,49.42,0.0015,2014
2014-12-20,62.72,50.99,0.0115,2014
2014-12-21,67.56,52.82,0.0,2014
2014-12-22,74.82,53.66,0.002,2014
2014-12-23,82.12,56.56,0.002,2014
2014-12-24,73.63,56.57,0.0,2014
2014-12-25,64.17,51.05,0.0,2014
2014-12-26,62.4,46.45,0.0,2014
2014-12-27,61.63,44.08,0.0,2014
2014-12-28,61.8,43.62,0.0,2014
2014-12-29,62.22,43.39,0.0,2014
2014-12-30,56.12,47.54,0.1395,2014
2014-12-31,55.43,43.3,0.0,2014
2015-1-1,57.94,38.19,0.001,2015
2015-1-2,59.42,40.32,0.0,2015
2015-1-3,61.56,42.47,0.0,2015
2015-1-4,68.18,45.34,0.0,2015
2015-1-5,80.16,52.95,0.006999999999999999,2015
2015-1-6,83.75,58.88,0.0,2015
2015-1-7,80.92,55.85,0.0,2015
2015-1-8,72.74,54.78,0.0,2015
2015-1-9,70.26,56.1,0.001,2015
2015-1-10,61.06,53.77,0.2425,2015
2015-1-11,61.5,56.05,0.2705,2015
2015-1-12,65.12,53.67,0.004,2015
2015-1-13,68.23,54.9,0.0,2015
2015-1-14,71.37,50.45,0.0,2015
2015-1-15,74.37,51.92,0.0,2015
2015-1-16,73.92,52.82,0.0,2015
2015-1-17,76.97,53.15,0.0,2015
2015-1-18,73.05,53.93,0.0,2015
2015-1-19,70.38,51.96,0.0,2015
2015-1-20,62.34,53.87,0.0,2015
2015-1-21,70.73,55.17,0.0,2015
2015-1-22,73.72,52.67,0.0,2015
2015-1-23,74.26,52.54,0.0,2015
2015-1-24,80.33,58.65,0.0,2015
2015-1-25,81.38,58.67,0.0,2015
2015-1-26,76.64,56.37,0.18,2015
2015-1-27,70.91,55.72,0.0025,2015
2015-1-28,73.19,56.23,0.0,2015
2015-1-29,74.0,61.71,0.0,2015
2015-1-30,68.09,58.23,0.0515,2015
2015-1-31,69.12,56.02,0.0,2015
2015-2-1,74.93,53.33,0.001,2015
2015-2-2,77.06,54.64,0.0,2015
2015-2-3,72.8,54.37,0.001,2015
2015-2-4,73.15,54.83,0.0,2015
2015-2-5,78.35,54.75,0.0015,2015
2015-2-6,74.04,55.45,0.001,2015
2015-2-7,67.79,54.38,0.0305,2015
2015-2-8,76.41,59.13,0.001,2015
2015-2-9,72.69,58.73,0.001,2015
2015-2-10,76.79,53.67,0.001,2015
2015-2-11,84.09,59.59,0.0,2015
2015-2-12,84.98,61.54,0.0,2015
2015-2-13,86.81,60.75,0.0,2015
2015-2-14,85.0,60.41,0.0,2015
2015-2-15,77.39,56.83,0.0,2015
2015-2-16,71.11,56.16,0.0,2015
2015-2-17,70.59,57.64,0.0,2015
2015-2-18,72.81,55.53,0.0,2015
2015-2-19,72.25,56.93,0.0,2015
2015-2-20,69.16,56.1,0.0,2015
2015-2-21,67.45,56.28,0.0,2015
2015-2-22,60.62,53.25,0.284,2015
2015-2-23,61.71,49.62,0.1275,2015
2015-2-24,71.18,47.37,0.0,2015
2015-2-25,70.9,50.74,0.0,2015
2015-2-26,68.51,50.97,0.0,2015
2015-2-27,63.28,54.07,0.0115,2015
2015-2-28,62.15,52.89,0.079,2015
2015-3-1,60.97,50.15,0.122,2015
2015-3-2,58.64,48.07,0.3075,2015
2015-3-3,64.67,46.6,0.0485,2015
2015-3-4,70.82,48.78,0.0,2015
2015-3-5,76.05,50.44,0.0,2015
2015-3-6,82.54,53.44,0.0,2015
2015-3-7,85.12,59.6,0.0,2015
2015-3-8,77.17,55.84,0.0,2015
2015-3-9,73.51,54.84,0.0,2015
2015-3-10,79.96,55.8,0.0,2015
2015-3-11,71.25,61.84,0.0,2015
2015-3-12,86.26,58.49,0.0,2015
2015-3-13,88.18,65.49,0.0,2015
2015-3-14,91.91,66.77,0.0,2015
2015-3-15,89.75,69.15,0.0,2015
2015-3-16,88.45,67.06,0.0,2015
2015-3-17,80.14,61.9,0.0,2015
2015-3-18,71.71,61.93,0.0045,2015
2015-3-19,74.25,59.32,0.001,2015
2015-3-20,78.81,59.36,0.0,2015
2015-3-21,74.88,60.11,0.0,2015
2015-3-22,70.32,59.55,0.0,2015
2015-3-23,70.89,55.66,0.0,2015
2015-3-24,74.52,56.1,0.0,2015
2015-3-25,82.69,57.8,0.0,2015
2015-3-26,90.77,62.5,0.0,2015
2015-3-27,88.37,63.55,0.0,2015
2015-3-28,82.86,59.65,0.0,2015
2015-3-29,80.75,58.99,0.0,2015
2015-3-30,78.98,58.82,0.001,2015
2015-3-31,73.45,58.11,0.0,2015
2015-4-1,74.4,57.64,0.0015,2015
2015-4-2,73.36,54.0,0.0,2015
2015-4-3,83.59,56.95,0.0,2015
2015-4-4,81.5,59.56,0.0,2015
2015-4-5,69.49,55.9,0.0,2015
2015-4-6,65.37,53.59,0.0,2015
2015-4-7,63.38,48.56,0.221,2015
2015-4-8,67.89,48.09,0.0045,2015
2015-4-9,73.31,52.25,0.0,2015
2015-4-10,70.96,52.2,0.0,2015
2015-4-11,72.27,52.86,0.0,2015
2015-4-12,76.31,55.33,0.0,2015
2015-4-13,75.27,58.03,0.0,2015
2015-4-14,73.58,57.96,0.0,2015
2015-4-15,79.57,56.01,0.0,2015
2015-4-16,79.98,59.36,0.0,2015
2015-4-17,80.64,56.03,0.0,2015
2015-4-18,78.94,56.91,0.0,2015
2015-4-19,75.74,55.46,0.0,2015
2015-4-20,71.01,56.84,0.0,2015
2015-4-21,65.45,57.57,0.0,2015
2015-4-22,65.54,56.03,0.0,2015
2015-4-23,66.83,55.63,0.0,2015
2015-4-24,64.14,57.23,0.001,2015
2015-4-25,62.71,56.76,0.102,2015
2015-4-26,73.19,53.48,0.001,2015
2015-4-27,82.9,57.5,0.0,2015
2015-4-28,88.69,60.77,0.0,2015
2015-4-29,90.96,62.04,0.0,2015
2015-4-30,87.5,63.02,0.0,2015
2015-5-1,87.46,61.62,0.0,2015
2015-5-2,81.25,61.26,0.0,2015
2015-5-3,72.5,59.06,0.0,2015
2015-5-4,69.49,55.97,0.0,2015
2015-5-5,65.98,56.49,0.0,2015
2015-5-6,65.79,56.9,0.0,2015
2015-5-7,63.98,53.99,0.1015,2015
2015-5-8,61.7,50.14,0.1105,2015
2015-5-9,65.11,54.25,0.0,2015
2015-5-10,75.18,53.48,0.0,2015
2015-5-11,77.83,57.23,0.0,2015
2015-5-12,71.42,57.23,0.0,2015
2015-5-13,68.13,56.76,0.0,2015
2015-5-14,62.41,54.23,0.45899999999999996,2015
2015-5-15,65.2,53.01,0.0775,2015
2015-5-16,67.78,53.86,0.0,2015
2015-5-17,70.03,56.82,0.0,2015
2015-5-18,69.0,58.49,0.0,2015
2015-5-19,70.64,53.9,0.002,2015
2015-5-20,71.4,56.89,0.0,2015
2015-5-21,67.38,57.49,0.0,2015
2015-5-22,64.73,57.28,0.0,2015
2015-5-23,68.8,56.74,0.0,2015
2015-5-24,68.94,59.22,0.0,2015
2015-5-25,70.44,56.03,0.0,2015
2015-5-26,70.6,60.02,0.0,2015
2015-5-27,73.3,59.58,0.0,2015
2015-5-28,76.24,57.27,0.0,2015
2015-5-29,79.61,60.0,0.0,2015
2015-5-30,79.24,59.97,0.0,2015
2015-5-31,75.31,59.95,0.0,2015
2015-6-1,76.21,60.12,0.0,2015
2015-6-2,75.77,58.85,0.0,2015
2015-6-3,72.9,61.82,0.0025,2015
2015-6-4,68.9,61.22,0.0025,2015
2015-6-5,72.13,60.43,0.0,2015
2015-6-6,73.75,58.06,0.0,2015
2015-6-7,81.84,59.01,0.0,2015
2015-6-8,90.47,62.65,0.0,2015
2015-6-9,83.62,68.15,0.0165,2015
2015-6-10,74.7,64.42,0.0,2015
2015-6-11,75.4,62.9,0.012,2015
2015-6-12,74.02,63.96,0.0,2015
2015-6-13,73.64,63.27,0.0015,2015
2015-6-14,80.06,63.93,0.0,2015
2015-6-15,81.55,63.94,0.0,2015
2015-6-16,80.93,62.56,0.0,2015
2015-6-17,81.56,62.87,0.0,2015
2015-6-18,84.56,62.72,0.0,2015
2015-6-19,87.55,62.98,0.0,2015
2015-6-20,86.36,64.8,0.0,2015
2015-6-21,81.27,65.42,0.0,2015
2015-6-22,83.81,64.27,0.0,2015
2015-6-23,85.15,63.71,0.0,2015
2015-6-24,84.81,64.12,0.0,2015
2015-6-25,84.68,63.77,0.0,2015
2015-6-26,83.93,63.84,0.0,2015
2015-6-27,77.11,64.24,0.0,2015
2015-6-28,90.64,69.95,0.0,2015
2015-6-29,89.82,69.84,0.0,2015
2015-6-30,90.2,69.0,0.0,2015
2015-7-1,85.21,70.76,0.0,2015
2015-7-2,85.47,69.83,0.0,2015
2015-7-3,82.6,65.08,0.0,2015
2015-7-4,80.13,64.31,0.0,2015
2015-7-5,77.3,64.85,0.0,2015
2015-7-6,77.06,65.21,0.0,2015
2015-7-7,77.83,64.42,0.0,2015
2015-7-8,74.79,65.54,0.0,2015
2015-7-9,74.56,64.5,0.0,2015
2015-7-10,75.64,61.92,0.0,2015
2015-7-11,78.89,61.6,0.0,2015
2015-7-12,82.73,62.83,0.0,2015
2015-7-13,84.54,64.02,0.0,2015
2015-7-14,82.4,64.02,0.0,2015
2015-7-15,81.54,65.72,0.0,2015
2015-7-16,81.59,65.91,0.0,2015
2015-7-17,85.09,63.87,0.0,2015
2015-7-18,83.91,66.33,0.32,2015
2015-7-19,89.2,71.94,0.3935,2015
2015-7-20,83.59,72.12,0.0225,2015
2015-7-21,80.24,70.42,0.0015,2015
2015-7-22,81.42,69.61,0.0015,2015
2015-7-23,82.38,67.89,0.0,2015
2015-7-24,86.15,67.54,0.0,2015
2015-7-25,88.08,67.27,0.0,2015
2015-7-26,83.04,67.02,0.0,2015
2015-7-27,81.23,67.71,0.0,2015
2015-7-28,85.07,66.55,0.0,2015
2015-7-29,85.07,67.02,0.0,2015
2015-7-30,86.11,69.96,0.0055,2015
2015-7-31,86.91,69.89,0.0,2015
2015-8-1,84.11,68.08,0.0,2015
2015-8-2,85.35,67.56,0.0,2015
2015-8-3,84.25,66.67,0.0,2015
2015-8-4,87.5,66.71,0.0,2015
2015-8-5,91.17,68.44,0.0,2015
2015-8-6,82.97,68.49,0.0,2015
2015-8-7,80.2,67.3,0.0,2015
2015-8-8,80.03,66.93,0.0,2015
2015-8-9,79.98,62.85,0.0,2015
2015-8-10,80.13,63.45,0.0,2015
2015-8-11,80.8,62.99,0.0,2015
2015-8-12,89.48,63.23,0.0,2015
2015-8-13,93.21,69.28,0.0,2015
2015-8-14,94.97,70.41,0.0,2015
2015-8-15,97.24,72.11,0.0,2015
2015-8-16,97.13,71.39,0.0,2015
2015-8-17,85.44,69.86,0.0,2015
2015-8-18,83.54,68.65,0.0,2015
2015-8-19,81.77,67.42,0.0,2015
2015-8-20,82.46,68.04,0.0,2015
2015-8-21,80.93,68.02,0.0,2015
2015-8-22,82.74,67.94,0.0,2015
2015-8-23,85.57,65.93,0.0,2015
2015-8-24,88.2,67.02,0.0,2015
2015-8-25,84.84,70.85,0.0,2015
2015-8-26,91.66,73.09,0.0,2015
2015-8-27,94.32,71.36,0.0,2015
2015-8-28,97.52,72.94,0.0,2015
2015-8-29,94.16,71.73,0.0,2015
2015-8-30,86.76,71.61,0.006999999999999999,2015
2015-8-31,82.96,68.58,0.0,2015
2015-9-1,81.11,69.18,0.0,2015
2015-9-2,79.4,67.21,0.0,2015
2015-9-3,78.92,66.41,0.0,2015
2015-9-4,78.36,65.81,0.0,2015
2015-9-5,81.58,63.24,0.0,2015
2015-9-6,88.12,63.18,0.0,2015
2015-9-7,92.82,69.86,0.0,2015
2015-9-8,96.83,73.23,0.0,2015
2015-9-9,99.13,77.69,0.012,2015
2015-9-10,94.5,77.48,0.0,2015
2015-9-11,93.61,75.74,0.0,2015
2015-9-12,88.78,74.72,0.0,2015
2015-9-13,88.32,71.76,0.0,2015
2015-9-14,82.39,69.09,0.0,2015
2015-9-15,78.39,68.87,0.9940000000000001,2015
2015-9-16,77.25,65.28,0.032,2015
2015-9-17,80.79,63.49,0.0,2015
2015-9-18,87.62,63.76,0.0,2015
2015-9-19,90.38,68.04,0.0,2015
2015-9-20,98.74,71.44,0.0,2015
2015-9-21,83.82,72.3,0.0,2015
2015-9-22,83.12,68.98,0.0,2015
2015-9-23,86.62,67.42,0.0,2015
2015-9-24,90.41,68.93,0.0,2015
2015-9-25,91.82,70.05,0.0,2015
2015-9-26,91.37,71.2,0.0,2015
2015-9-27,89.61,68.66,0.0,2015
2015-9-28,87.17,68.47,0.0,2015
2015-9-29,86.39,64.36,0.0,2015
2015-9-30,88.55,66.01,0.0,2015
2015-10-1,83.5,67.46,0.0,2015
2015-10-2,81.65,65.63,0.0,2015
2015-10-3,81.75,64.6,0.0,2015
2015-10-4,70.29,63.04,0.1165,2015
2015-10-5,74.13,60.38,0.057,2015
2015-10-6,77.47,61.04,0.001,2015
2015-10-7,83.45,63.23,0.0,2015
2015-10-8,90.05,66.44,0.0,2015
2015-10-9,101.07,70.96,0.0,2015
2015-10-10,98.81,75.41,0.0,2015
2015-10-11,97.86,73.96,0.0,2015
2015-10-12,93.12,72.41,0.0,2015
2015-10-13,88.94,75.19,0.0,2015
2015-10-14,85.43,72.87,0.013999999999999999,2015
2015-10-15,80.66,70.61,0.0,2015
2015-10-16,76.23,70.09,0.0,2015
2015-10-17,80.95,69.17,0.0,2015
2015-10-18,77.36,68.22,0.0055,2015
2015-10-19,74.3,64.05,0.0215,2015
2015-10-20,79.28,61.15,0.0,2015
2015-10-21,81.75,63.24,0.0,2015
2015-10-22,78.86,62.77,0.0,2015
2015-10-23,81.77,62.71,0.0,2015
2015-10-24,89.97,64.04,0.0,2015
2015-10-25,83.66,67.51,0.0,2015
2015-10-26,86.47,61.74,0.0,2015
2015-10-27,83.24,61.55,0.0,2015
2015-10-28,78.16,66.73,0.0,2015
2015-10-29,82.01,65.48,0.0,2015
2015-10-30,84.95,64.98,0.0,2015
2015-10-31,87.7,63.09,0.0,2015
2015-11-1,84.3,61.51,0.0,2015
2015-11-2,71.46,58.46,0.051,2015
2015-11-3,66.71,52.68,0.033,2015
2015-11-4,67.03,49.56,0.0,2015
2015-11-5,70.95,49.49,0.0,2015
2015-11-6,76.08,53.03,0.0,2015
2015-11-7,79.41,56.18,0.0,2015
2015-11-8,75.66,54.09,0.0,2015
2015-11-9,66.9,55.29,0.0085,2015
2015-11-10,66.27,50.36,0.0,2015
2015-11-11,72.31,48.64,0.0,2015
2015-11-12,76.03,50.74,0.0,2015
2015-11-13,79.92,54.32,0.0,2015
2015-11-14,77.0,53.5,0.0,2015
2015-11-15,67.03,52.51,0.0095,2015
2015-11-16,62.61,51.48,0.0,2015
2015-11-17,71.54,48.14,0.0,2015
2015-11-18,76.69,51.2,0.0,2015
2015-11-19,81.77,54.39,0.0,2015
2015-11-20,82.81,58.48,0.0,2015
2015-11-21,86.64,62.81,0.0,2015
2015-11-22,85.45,62.66,0.0,2015
2015-11-23,78.59,58.01,0.0,2015
2015-11-24,68.34,53.58,0.0055,2015
2015-11-25,61.0,50.45,0.0465,2015
2015-11-26,61.31,48.17,0.0015,2015
2015-11-27,62.59,49.24,0.0055,2015
2015-11-28,63.41,46.25,0.0,2015
2015-11-29,65.95,49.46,0.0,2015
2015-11-30,66.08,45.9,0.0,2015
2015-12-1,70.65,47.37,0.0,2015
2015-12-2,77.54,52.32,0.0,2015
2015-12-3,74.88,55.61,0.0,2015
2015-12-4,66.67,51.38,0.0,2015
2015-12-5,75.71,50.75,0.0,2015
2015-12-6,78.48,57.11,0.0,2015
2015-12-7,80.54,56.66,0.011000000000000001,2015
2015-12-8,82.95,57.34,0.0,2015
2015-12-9,76.3,57.18,0.0,2015
2015-12-10,66.4,54.28,0.0455,2015
2015-12-11,62.38,53.05,0.0155,2015
2015-12-12,66.07,49.24,0.0,2015
2015-12-13,65.23,47.36,0.444,2015
2015-12-14,57.91,47.51,0.002,2015
2015-12-15,60.63,41.98,0.0,2015
2015-12-16,61.45,42.73,0.0,2015
2015-12-17,65.69,43.52,0.0,2015
2015-12-18,71.22,47.2,0.0,2015
2015-12-19,63.42,46.91,0.366,2015
2015-12-20,60.34,45.67,0.0035,2015
2015-12-21,61.52,44.85,0.065,2015
2015-12-22,61.43,54.76,0.11599999999999999,2015
2015-12-23,64.84,52.4,0.003,2015
2015-12-24,60.94,46.64,0.0,2015
2015-12-25,58.37,46.36,0.0,2015
2015-12-26,59.84,46.05,0.0,2015
2015-12-27,60.29,41.49,0.0,2015
2015-12-28,56.37,39.12,0.0,2015
2015-12-29,60.15,40.96,0.0,2015
2015-12-30,62.0,41.83,0.0,2015
2015-12-31,64.58,43.9,0.0,2015
2016-1-1,64.34,44.44,0.0,2016
2016-1-2,64.67,46.96,0.0,2016
2016-1-3,61.68,46.02,0.0,2016
2016-1-4,67.59,55.09,0.001,2016
2016-1-5,56.98,51.77,1.173,2016
2016-1-6,55.21,47.89,0.8305,2016
2016-1-7,57.41,46.48,0.321,2016
2016-1-8,60.67,44.41,0.0,2016
2016-1-9,59.14,45.29,0.0085,2016
2016-1-10,60.35,50.68,0.012,2016
2016-1-11,63.79,48.94,0.0,2016
2016-1-12,68.76,45.28,0.0,2016
2016-1-13,64.92,45.91,0.0,2016
2016-1-14,63.63,49.43,0.001,2016
2016-1-15,62.57,50.28,0.0015,2016
2016-1-16,65.28,52.81,0.0,2016
2016-1-17,68.12,51.26,0.003,2016
2016-1-18,62.12,54.34,0.0,2016
2016-1-19,62.92,53.45,0.047,2016
2016-1-20,67.27,55.86,0.0145,2016
2016-1-21,75.98,52.48,0.0015,2016
2016-1-22,68.48,51.28,0.001,2016
2016-1-23,63.5,53.59,0.0,2016
2016-1-24,65.26,48.54,0.0,2016
2016-1-25,70.52,50.01,0.0,2016
2016-1-26,72.03,51.78,0.0,2016
2016-1-27,72.38,53.21,0.0,2016
2016-1-28,73.75,50.62,0.0,2016
2016-1-29,71.05,52.46,0.0,2016
2016-1-30,63.76,54.59,0.001,2016
2016-1-31,57.89,48.95,0.4585,2016
2016-2-1,57.75,45.51,0.001,2016
2016-2-2,59.56,40.69,0.0,2016
2016-2-3,63.76,44.05,0.0,2016
2016-2-4,69.08,46.1,0.0,2016
2016-2-5,75.97,51.34,0.0,2016
2016-2-6,77.2,54.35,0.0,2016
2016-2-7,83.58,55.43,0.0,2016
2016-2-8,86.4,62.99,0.0,2016
2016-2-9,89.15,62.66,0.0,2016
2016-2-10,87.23,60.95,0.0,2016
2016-2-11,84.92,59.37,0.0,2016
2016-2-12,84.12,56.76,0.003,2016
2016-2-13,75.85,54.42,0.0015,2016
2016-2-14,81.74,54.4,0.002,2016
2016-2-15,88.05,63.86,0.0,2016
2016-2-16,89.44,62.15,0.0,2016
2016-2-17,73.84,55.58,0.505,2016
2016-2-18,67.48,55.38,0.21,2016
2016-2-19,67.82,50.51,0.0,2016
2016-2-20,70.59,49.63,0.001,2016
2016-2-21,73.04,50.0,0.0,2016
2016-2-22,79.96,52.53,0.0015,2016
2016-2-23,82.29,57.46,0.0,2016
2016-2-24,81.37,58.97,0.0,2016
2016-2-25,81.73,57.12,0.0,2016
2016-2-26,79.28,55.63,0.0,2016
2016-2-27,74.98,54.91,0.0,2016
2016-2-28,76.24,56.91,0.0015,2016
2016-2-29,77.15,58.15,0.0,2016
2016-3-1,76.22,56.79,0.0,2016
2016-3-2,73.51,55.92,0.0015,2016
2016-3-3,72.6,54.6,0.0,2016
2016-3-4,69.45,54.55,0.0,2016
2016-3-5,65.8,57.78,0.085,2016
2016-3-6,65.31,54.55,0.9279999999999999,2016
2016-3-7,57.77,49.04,0.73,2016
2016-3-8,69.99,48.29,0.0,2016
2016-3-9,72.18,51.93,0.0,2016
2016-3-10,76.16,55.46,0.0,2016
2016-3-11,66.35,52.05,0.888,2016
2016-3-12,64.33,46.86,0.002,2016
2016-3-13,63.87,49.7,0.0035,2016
2016-3-14,69.19,57.62,0.0295,2016
2016-3-15,77.52,53.59,0.0,2016
2016-3-16,84.77,57.53,0.0,2016
2016-3-17,79.61,58.56,0.0,2016
2016-3-18,73.46,58.34,0.0,2016
2016-3-19,72.55,57.84,0.0,2016
2016-3-20,72.28,56.19,0.0,2016
2016-3-21,68.94,55.89,0.0,2016
2016-3-22,69.28,53.81,0.0,2016
2016-3-23,76.09,52.63,0.0,2016
2016-3-24,79.59,54.68,0.0,2016
2016-3-25,77.62,54.81,0.0,2016
2016-3-26,74.4,55.88,0.0,2016
2016-3-27,72.23,57.65,0.0,2016
2016-3-28,62.44,53.17,0.008,2016
2016-3-29,62.84,47.0,0.033,2016
2016-3-30,63.28,48.39,0.003,2016
2016-3-31,70.45,48.73,0.0,2016
2016-4-1,71.93,51.93,0.0,2016
2016-4-2,77.95,54.9,0.0,2016
2016-4-3,78.11,56.14,0.0,2016
2016-4-4,79.03,56.05,0.0,2016
2016-4-5,87.18,57.23,0.0,2016
2016-4-6,87.14,59.34,0.0,2016
2016-4-7,67.25,59.84,0.1085,2016
2016-4-8,61.05,58.89,0.124,2016
2016-4-9,62.89,58.61,0.157,2016
2016-4-10,67.09,56.48,0.0095,2016
2016-4-11,71.68,56.96,0.003,2016
2016-4-12,71.57,55.19,0.0,2016
2016-4-13,71.31,56.44,0.0,2016
2016-4-14,70.11,56.15,0.0,2016
2016-4-15,76.56,56.27,0.0,2016
2016-4-16,82.5,61.5,0.0,2016
2016-4-17,87.28,59.42,0.0,2016
2016-4-18,87.55,61.6,0.0,2016
2016-4-19,87.96,62.62,0.0,2016
2016-4-20,85.82,60.46,0.0,2016
2016-4-21,80.76,58.97,0.0,2016
2016-4-22,72.78,57.41,0.0,2016
2016-4-23,74.41,55.65,0.0,2016
2016-4-24,71.74,56.08,0.0,2016
2016-4-25,66.43,54.62,0.0495,2016
2016-4-26,69.74,50.22,0.0,2016
2016-4-27,69.33,53.71,0.0,2016
2016-4-28,67.77,53.2,0.0,2016
2016-4-29,69.14,54.82,0.0,2016
2016-4-30,67.62,55.99,0.0095,2016
2016-5-1,72.0,55.38,0.0,2016
2016-5-2,76.53,56.03,0.0,2016
2016-5-3,80.42,57.92,0.0,2016
2016-5-4,70.18,58.1,0.0,2016
2016-5-5,65.73,58.58,0.0395,2016
2016-5-6,63.38,56.09,0.1515,2016
2016-5-7,66.77,56.25,0.0215,2016
2016-5-8,66.78,54.8,0.0,2016
2016-5-9,68.48,56.21,0.0015,2016
2016-5-10,71.26,55.71,0.0,2016
2016-5-11,75.09,59.54,0.0,2016
2016-5-12,77.62,57.91,0.0,2016
2016-5-13,78.11,59.77,0.0,2016
2016-5-14,71.77,61.63,0.0,2016
2016-5-15,69.5,60.9,0.0,2016
2016-5-16,70.02,60.36,0.0,2016
2016-5-17,72.99,60.76,0.0,2016
2016-5-18,73.33,60.47,0.0,2016
2016-5-19,72.94,61.42,0.0,2016
2016-5-20,67.31,58.37,0.0,2016
2016-5-21,67.06,54.19,0.0,2016
2016-5-22,70.63,53.21,0.0,2016
2016-5-23,70.44,54.8,0.0,2016
2016-5-24,69.2,57.57,0.0015,2016
2016-5-25,67.65,55.77,0.0,2016
2016-5-26,72.53,55.53,0.0,2016
2016-5-27,75.19,57.37,0.0,2016
2016-5-28,73.3,60.32,0.0,2016
2016-5-29,71.23,60.27,0.002,2016
2016-5-30,74.22,57.9,0.0,2016
2016-5-31,74.5,59.41,0.0,2016
2016-6-1,76.66,62.11,0.0,2016
2016-6-2,86.63,62.64,0.0,2016
2016-6-3,93.27,61.33,0.0,2016
2016-6-4,85.08,63.24,0.0,2016
2016-6-5,76.93,59.68,0.0,2016
2016-6-6,76.29,59.32,0.0,2016
2016-6-7,77.49,60.94,0.0,2016
2016-6-8,79.15,61.19,0.0,2016
2016-6-9,73.38,62.11,0.0,2016
2016-6-10,78.28,63.11,0.0,2016
2016-6-11,66.56,63.1,0.0165,2016
2016-6-12,71.78,61.47,0.001,2016
2016-6-13,71.8,60.43,0.0,2016
2016-6-14,72.82,59.68,0.0,2016
2016-6-15,72.64,61.73,0.001,2016
2016-6-16,77.07,57.06,0.0,2016
2016-6-17,85.71,60.64,0.0,2016
2016-6-18,91.93,64.4,0.0,2016
2016-6-19,101.77,69.13,0.0,2016
2016-6-20,106.02,73.43,0.0,2016
2016-6-21,86.8,70.39,0.0,2016
2016-6-22,86.32,65.98,0.0,2016
2016-6-23,82.72,65.59,0.0,2016
2016-6-24,80.6,64.83,0.0,2016
2016-6-25,84.52,64.52,0.0,2016
2016-6-26,88.56,65.36,0.0,2016
2016-6-27,92.03,68.54,0.0,2016
2016-6-28,87.5,69.26,0.0,2016
2016-6-29,87.0,67.99,0.0,2016
2016-6-30,83.8,67.21,0.0,2016
2016-7-1,80.85,66.72,0.0,2016
2016-7-2,81.77,65.05,0.0,2016
2016-7-3,78.33,63.59,0.0,2016
2016-7-4,78.16,62.87,0.0,2016
2016-7-5,79.19,64.72,0.0,2016
2016-7-6,79.74,63.76,0.0,2016
2016-7-7,81.55,64.78,0.0,2016
2016-7-8,82.79,64.46,0.0,2016
2016-7-9,83.75,64.51,0.0,2016
2016-7-10,83.95,66.25,0.0,2016
2016-7-11,82.08,64.67,0.0,2016
2016-7-12,81.2,66.82,0.0,2016
2016-7-13,85.83,65.52,0.0,2016
2016-7-14,84.79,65.56,0.0,2016
2016-7-15,83.77,64.74,0.0,2016
2016-7-16,83.77,65.19,0.0,2016
2016-7-17,83.43,63.85,0.0,2016
2016-7-18,85.59,63.88,0.0,2016
2016-7-19,88.38,65.06,0.0,2016
2016-7-20,93.5,66.99,0.0,2016
2016-7-21,97.66,69.36,0.0,2016
2016-7-22,100.1,70.29,0.0,2016
2016-7-23,97.27,72.29,0.0,2016
2016-7-24,90.48,70.09,0.0,2016
2016-7-25,93.77,69.6,0.0,2016
2016-7-26,91.98,70.81,0.0,2016
2016-7-27,92.36,71.11,0.0,2016
2016-7-28,90.4,70.63,0.0,2016
2016-7-29,90.05,71.12,0.0,2016
2016-7-30,88.75,70.77,0.0,2016
2016-7-31,86.63,70.02,0.0,2016
2016-8-1,87.1,68.61,0.0,2016
2016-8-2,86.76,67.12,0.0,2016
2016-8-3,84.38,68.34,0.0,2016
2016-8-4,84.42,67.87,0.0,2016
2016-8-5,82.1,67.61,0.0,2016
2016-8-6,82.21,65.72,0.0,2016
2016-8-7,82.92,66.48,0.0,2016
2016-8-8,81.75,66.94,0.0,2016
2016-8-9,81.52,67.39,0.0,2016
2016-8-10,83.36,64.62,0.0,2016
2016-8-11,83.06,65.26,0.0,2016
2016-8-12,84.0,65.72,0.0,2016
2016-8-13,88.91,66.87,0.0,2016
2016-8-14,89.99,69.0,0.0,2016
2016-8-15,94.94,69.03,0.0,2016
2016-8-16,93.0,65.04,0.0,2016
2016-8-17,90.63,62.53,0.0,2016
2016-8-18,86.65,63.45,0.001,2016
2016-8-19,85.99,63.22,0.0,2016
2016-8-20,82.31,64.14,0.0,2016
2016-8-21,85.1,65.11,0.0,2016
2016-8-22,84.74,64.63,0.0,2016
2016-8-23,84.32,64.69,0.0,2016
2016-8-24,84.84,65.1,0.0,2016
2016-8-25,80.76,64.82,0.0,2016
2016-8-26,78.29,64.49,0.0,2016
2016-8-27,78.62,63.63,0.0,2016
2016-8-28,85.41,63.36,0.0,2016
2016-8-29,90.02,65.89,0.0,2016
2016-8-30,91.12,67.72,0.0,2016
2016-8-31,89.1,69.41,0.0,2016
2016-9-1,84.68,66.1,0.0,2016
2016-9-2,81.5,66.48,0.0,2016
2016-9-3,77.53,65.37,0.0,2016
2016-9-4,75.76,64.04,0.0,2016
2016-9-5,75.9,63.22,0.0,2016
2016-9-6,80.8,62.1,0.0,2016
2016-9-7,80.2,62.73,0.0,2016
2016-9-8,79.39,65.07,0.0,2016
2016-9-9,81.4,64.39,0.0,2016
2016-9-10,84.35,63.75,0.0,2016
2016-9-11,81.7,63.91,0.0,2016
2016-9-12,73.76,63.5,0.0,2016
2016-9-13,69.59,61.17,0.0065,2016
2016-9-14,76.01,57.77,0.0,2016
2016-9-15,79.6,57.56,0.0,2016
2016-9-16,80.05,59.83,0.0,2016
2016-9-17,85.52,60.86,0.0,2016
2016-9-18,92.72,63.76,0.0015,2016
2016-9-19,91.94,67.06,0.001,2016
2016-9-20,86.6,72.83,0.0,2016
2016-9-21,83.96,69.44,0.0,2016
2016-9-22,75.96,66.09,0.0,2016
2016-9-23,78.81,58.88,0.0,2016
2016-9-24,89.55,62.15,0.0,2016
2016-9-25,96.51,65.57,0.0,2016
2016-9-26,102.26,72.69,0.0,2016
2016-9-27,94.21,73.57,0.0,2016
2016-9-28,90.56,69.76,0.0,2016
2016-9-29,91.0,70.06,0.0,2016
2016-9-30,88.99,68.39,0.0,2016
2016-10-1,84.01,65.15,0.0,2016
2016-10-2,76.29,61.82,0.0,2016
2016-10-3,75.21,58.33,0.0,2016
2016-10-4,75.02,59.44,0.0,2016
2016-10-5,75.06,58.37,0.0,2016
2016-10-6,83.32,57.93,0.0,2016
2016-10-7,91.01,63.07,0.0,2016
2016-10-8,91.16,62.55,0.0,2016
2016-10-9,90.9,62.47,0.0,2016
2016-10-10,85.0,63.36,0.0,2016
2016-10-11,72.94,60.22,0.0,2016
2016-10-12,71.29,59.13,0.0,2016
2016-10-13,75.69,57.0,0.0,2016
2016-10-14,75.35,60.18,0.001,2016
2016-10-15,75.26,61.89,0.0,2016
2016-10-16,73.39,64.61,0.0015,2016
2016-10-17,71.83,62.38,0.1635,2016
2016-10-18,76.05,58.23,0.001,2016
2016-10-19,90.26,59.64,0.0015,2016
2016-10-20,95.43,67.23,0.002,2016
2016-10-21,91.31,66.27,0.0,2016
2016-10-22,84.95,61.1,0.0,2016
2016-10-23,79.84,62.58,0.027999999999999997,2016
2016-10-24,73.67,63.71,0.057,2016
2016-10-25,75.65,58.22,0.0015,2016
2016-10-26,78.28,59.7,0.0,2016
2016-10-27,81.32,62.38,0.0,2016
2016-10-28,76.77,64.95,0.0345,2016
2016-10-29,80.53,61.71,0.0,2016
2016-10-30,69.79,62.35,0.0915,2016
2016-10-31,69.18,57.01,0.0035,2016
2016-11-1,68.77,55.92,0.001,2016
2016-11-2,79.67,54.4,0.0015,2016
2016-11-3,85.67,64.35,0.0,2016
2016-11-4,82.23,60.87,0.0,2016
2016-11-5,82.5,59.42,0.0025,2016
2016-11-6,75.58,57.89,0.001,2016
2016-11-7,80.13,58.34,0.002,2016
2016-11-8,90.67,60.12,0.001,2016
2016-11-9,93.17,68.62,0.0,2016
2016-11-10,89.97,66.32,0.0,2016
2016-11-11,86.92,63.96,0.0,2016
2016-11-12,83.17,62.67,0.0,2016
2016-11-13,87.81,61.54,0.0035,2016
2016-11-14,86.82,61.73,0.0,2016
2016-11-15,78.41,58.04,0.0,2016
2016-11-16,69.58,56.68,0.0015,2016
2016-11-17,70.74,52.97,0.0,2016
2016-11-18,77.58,55.52,0.0,2016
2016-11-19,73.63,51.5,0.0105,2016
2016-11-20,64.86,55.94,0.3185,2016
2016-11-21,65.91,55.66,0.385,2016
2016-11-22,69.31,52.37,0.0,2016
2016-11-23,70.16,51.2,0.002,2016
2016-11-24,79.24,53.59,0.003,2016
2016-11-25,75.37,52.37,0.0,2016
2016-11-26,62.34,47.21,0.4175,2016
2016-11-27,60.54,50.11,0.033,2016
2016-11-28,62.52,46.48,0.0,2016
2016-11-29,68.23,48.67,0.0025,2016
2016-11-30,66.6,47.39,0.0,2016
2016-12-1,65.2,49.6,0.0,2016
2016-12-2,64.08,51.35,0.0,2016
2016-12-3,68.38,46.78,0.0,2016
2016-12-4,71.73,47.26,0.0,2016
2016-12-5,65.77,49.33,0.0,2016
2016-12-6,63.46,53.67,0.0,2016
2016-12-7,63.47,51.16,0.0,2016
2016-12-8,66.04,49.7,0.0,2016
2016-12-9,65.01,51.65,0.0,2016
2016-12-10,65.02,53.83,0.0,2016
2016-12-11,64.48,58.98,0.0035,2016
2016-12-12,66.06,57.19,0.0,2016
2016-12-13,66.02,55.3,0.0,2016
2016-12-14,70.41,52.08,0.0,2016
2016-12-15,65.35,54.65,0.3115,2016
2016-12-16,60.45,51.31,0.5529999999999999,2016
2016-12-17,59.32,45.28,0.001,2016
2016-12-18,64.44,42.11,0.0,2016
2016-12-19,69.58,46.56,0.0,2016
2016-12-20,77.27,49.93,3.2865,2016
2016-12-21,66.11,55.51,0.5405,2016
2016-12-22,63.31,54.01,0.3485,2016
2016-12-23,60.53,52.01,1.329,2016
2016-12-24,56.29,46.62,0.78,2016
2016-12-25,55.94,40.88,0.001,2016
2016-12-26,61.45,45.16,0.001,2016
2016-12-27,70.39,47.45,0.0,2016
2016-12-28,77.86,52.52,0.0,2016
2016-12-29,79.85,54.9,0.0,2016
2016-12-30,63.09,55.24,0.2585,2016
2016-12-31,56.71,47.05,0.187,2016
2017-1-1,57.81,42.56,0.0035,2017
2017-1-2,55.88,50.13,0.001,2017
2017-1-3,58.54,47.56,0.0,2017
2017-1-4,61.2,47.91,0.040999999999999995,2017
2017-1-5,61.04,55.28,0.3535,2017
2017-1-6,64.04,50.32,0.002,2017
2017-1-7,68.66,52.25,0.1325,2017
2017-1-8,76.01,54.89,0.0,2017
2017-1-9,61.28,54.4,0.9229999999999999,2017
2017-1-10,58.32,50.8,0.14400000000000002,2017
2017-1-11,63.67,54.69,0.4245,2017
2017-1-12,55.25,50.96,0.5770000000000001,2017
2017-1-13,60.31,48.49,0.0085,2017
2017-1-14,69.26,48.96,0.004,2017
2017-1-15,62.49,50.18,0.0,2017
2017-1-16,64.52,51.43,0.0,2017
2017-1-17,66.14,46.6,0.0015,2017
2017-1-18,59.54,46.98,0.0925,2017
2017-1-19,61.39,52.4,0.7805,2017
2017-1-20,56.76,51.04,1.584,2017
2017-1-21,60.16,46.5,0.006999999999999999,2017
2017-1-22,54.59,50.06,1.6585,2017
2017-1-23,53.74,44.43,0.359,2017
2017-1-24,55.6,40.4,0.011000000000000001,2017
2017-1-25,58.89,41.27,0.002,2017
2017-1-26,62.18,41.49,0.002,2017
2017-1-27,62.1,48.0,0.0,2017
2017-1-28,73.06,46.94,0.0,2017
2017-1-29,77.67,50.51,0.0,2017
2017-1-30,78.43,53.27,0.0,2017
2017-1-31,74.42,50.9,0.0,2017
2017-2-1,69.69,49.25,0.0,2017
2017-2-2,66.06,49.44,0.0,2017
2017-2-3,59.5,55.63,0.20600000000000002,2017
2017-2-4,64.0,54.43,0.0,2017
2017-2-5,58.23,52.03,0.0015,2017
2017-2-6,59.23,53.24,0.5135,2017
2017-2-7,63.0,58.12,0.121,2017
2017-2-8,70.0,59.12,0.040999999999999995,2017
2017-2-9,74.82,57.57,0.003,2017
2017-2-10,63.07,56.84,0.226,2017
2017-2-11,61.4,53.46,0.1205,2017
2017-2-12,72.88,49.85,0.001,2017
2017-2-13,74.08,54.12,0.0,2017
2017-2-14,71.06,54.76,0.0,2017
2017-2-15,78.09,52.12,0.003,2017
2017-2-16,68.11,53.63,0.001,2017
2017-2-17,58.29,51.96,1.554,2017
2017-2-18,58.61,51.49,0.139,2017
2017-2-19,59.33,51.82,0.028999999999999998,2017
2017-2-20,62.0,52.86,0.0425,2017
2017-2-21,65.51,57.33,0.0445,2017
2017-2-22,62.66,51.69,0.01,2017
2017-2-23,60.03,47.01,0.0,2017
2017-2-24,61.9,42.57,0.0,2017
2017-2-25,61.48,42.48,0.0,2017
2017-2-26,55.89,47.49,0.1285,2017
2017-2-27,56.98,49.69,0.0285,2017
2017-2-28,63.09,46.58,0.0,2017
2017-3-1,73.1,46.49,0.0,2017
2017-3-2,77.96,52.56,0.0,2017
2017-3-3,79.82,53.8,0.0,2017
2017-3-4,67.66,51.86,0.0,2017
2017-3-5,58.76,48.5,0.124,2017
2017-3-6,62.83,44.14,0.0,2017
2017-3-7,73.91,47.69,0.0,2017
2017-3-8,82.38,54.19,0.0,2017
2017-3-9,84.49,56.51,0.0,2017
2017-3-10,81.01,56.35,0.0,2017
2017-3-11,81.16,55.54,0.0,2017
2017-3-12,85.2,55.88,0.0,2017
2017-3-13,86.32,57.5,0.0,2017
2017-3-14,87.18,56.38,0.0025,2017
2017-3-15,82.94,59.2,0.0,2017
2017-3-16,76.9,57.01,0.0,2017
2017-3-17,79.42,56.52,0.0,2017
2017-3-18,74.13,56.4,0.0,2017
2017-3-19,75.42,55.8,0.0,2017
2017-3-20,68.74,57.64,0.0,2017
2017-3-21,63.87,55.31,0.1955,2017
2017-3-22,65.61,56.1,0.023,2017
2017-3-23,67.5,52.39,0.0,2017
2017-3-24,69.67,50.22,0.0,2017
2017-3-25,66.82,53.51,0.0015,2017
2017-3-26,67.1,53.13,0.0,2017
2017-3-27,70.9,53.1,0.0,2017
2017-3-28,76.98,53.61,0.0,2017
2017-3-29,82.26,55.04,0.0,2017
2017-3-30,71.82,56.26,0.0,2017
2017-3-31,70.31,55.63,0.0,2017
2017-4-1,74.66,51.37,0.0,2017
2017-4-2,75.07,54.61,0.0,2017
2017-4-3,66.64,55.46,0.0,2017
2017-4-4,74.67,56.85,0.0,2017
2017-4-5,83.11,56.37,0.0,2017
2017-4-6,76.85,57.85,0.0,2017
2017-4-7,71.8,56.07,0.0,2017
2017-4-8,66.21,55.54,0.1435,2017
2017-4-9,70.4,50.36,0.0,2017
2017-4-10,76.43,51.23,0.0,2017
2017-4-11,73.52,52.51,0.0,2017
2017-4-12,72.35,53.66,0.0,2017
2017-4-13,68.89,54.85,0.0,2017
2017-4-14,68.6,51.38,0.0015,2017
2017-4-15,75.47,51.52,0.0,2017
2017-4-16,76.53,55.31,0.0,2017
2017-4-17,74.39,54.41,0.0,2017
2017-4-18,73.52,60.39,0.0,2017
2017-4-19,73.23,59.42,0.0,2017
2017-4-20,77.23,56.1,0.0,2017
2017-4-21,87.06,58.75,0.0,2017
2017-4-22,88.68,61.14,0.0,2017
2017-4-23,77.2,60.11,0.0,2017
2017-4-24,70.6,58.79,0.0,2017
2017-4-25,73.86,58.76,0.0,2017
2017-4-26,78.07,58.53,0.0,2017
2017-4-27,79.19,59.6,0.0,2017
2017-4-28,80.65,63.44,0.0,2017
2017-4-29,82.97,65.15,0.0,2017
2017-4-30,83.74,58.55,0.0,2017
2017-5-1,83.8,58.46,0.0,2017
2017-5-2,84.04,60.57,0.0,2017
2017-5-3,84.58,61.43,0.0,2017
2017-5-4,80.77,61.6,0.0,2017
2017-5-5,72.22,59.24,0.0,2017
2017-5-6,61.78,52.79,0.033,2017
2017-5-7,61.15,49.15,0.165,2017
2017-5-8,71.43,48.62,0.0025,2017
2017-5-9,67.56,55.97,0.0,2017
2017-5-10,66.8,59.49,0.001,2017
2017-5-11,73.18,56.47,0.0,2017
2017-5-12,72.66,56.71,0.0,2017
2017-5-13,72.72,56.1,0.0,2017
2017-5-14,69.37,54.26,0.040999999999999995,2017
2017-5-15,62.39,55.11,0.028999999999999998,2017
2017-5-16,65.49,52.44,0.0,2017
2017-5-17,66.31,55.84,0.0,2017
2017-5-18,75.02,54.48,0.0,2017
2017-5-19,85.23,58.97,0.0,2017
2017-5-20,90.63,62.25,0.0,2017
2017-5-21,87.08,63.81,0.0,2017
2017-5-22,82.28,61.32,0.0,2017
2017-5-23,82.81,61.1,0.0,2017
2017-5-24,76.8,59.35,0.0,2017
2017-5-25,67.92,59.35,0.0,2017
2017-5-26,69.2,60.09,0.0,2017
2017-5-27,72.27,56.91,0.0,2017
2017-5-28,77.6,56.59,0.0,2017
2017-5-29,74.85,59.2,0.0,2017
2017-5-30,74.01,61.08,0.0,2017
2017-5-31,68.66,61.13,0.0,2017
2017-6-1,74.27,61.29,0.002,2017
2017-6-2,80.33,60.25,0.0,2017
2017-6-3,79.94,62.53,0.0,2017
2017-6-4,78.27,62.87,0.0,2017
2017-6-5,76.19,61.45,0.0,2017
2017-6-6,72.58,62.95,0.0,2017
2017-6-7,73.61,61.73,0.001,2017
2017-6-8,71.65,61.41,0.004,2017
2017-6-9,76.13,57.87,0.0,2017
2017-6-10,70.68,62.34,0.0025,2017
2017-6-11,68.65,60.35,0.003,2017
2017-6-12,73.14,56.55,0.0,2017
2017-6-13,78.99,56.97,0.0,2017
2017-6-14,85.15,60.48,0.0,2017
2017-6-15,87.26,62.43,0.0,2017
2017-6-16,89.04,64.08,0.0,2017
2017-6-17,88.07,64.09,0.0,2017
2017-6-18,85.98,63.98,0.0,2017
2017-6-19,88.51,65.27,0.0,2017
2017-6-20,89.1,65.16,0.0,2017
2017-6-21,87.52,66.77,0.0,2017
2017-6-22,80.62,64.72,0.0,2017
2017-6-23,79.97,64.66,0.0,2017
2017-6-24,80.75,64.01,0.0,2017
2017-6-25,94.45,65.08,0.0,2017
2017-6-26,93.55,68.77,0.0,2017
2017-6-27,89.26,66.5,0.0,2017
2017-6-28,80.7,62.31,0.0,2017
2017-6-29,78.43,63.53,0.0,2017
2017-6-30,79.37,63.69,0.002,2017
2017-7-1,78.18,63.02,0.0,2017
2017-7-2,81.41,64.43,0.0,2017
2017-7-3,87.28,62.35,0.0,2017
2017-7-4,89.16,63.96,0.0,2017
2017-7-5,87.12,65.65,0.0,2017
2017-7-6,90.85,66.85,0.0,2017
2017-7-7,95.97,70.58,0.0,2017
2017-7-8,97.98,72.7,0.0,2017
2017-7-9,94.13,71.38,0.0,2017
2017-7-10,90.45,72.85,0.0,2017
2017-7-11,87.04,69.29,0.0,2017
2017-7-12,85.51,67.33,0.0,2017
2017-7-13,85.54,66.68,0.0,2017
2017-7-14,85.35,66.0,0.0,2017
2017-7-15,86.91,67.72,0.0,2017
2017-7-16,84.11,69.19,0.0,2017
2017-7-17,84.7,68.5,0.0,2017
2017-7-18,85.82,67.24,0.0,2017
2017-7-19,86.36,68.04,0.0,2017
2017-7-20,87.56,68.24,0.001,2017
2017-7-21,84.53,66.8,0.0,2017
2017-7-22,85.76,67.17,0.0,2017
2017-7-23,87.05,68.28,0.0,2017
2017-7-24,79.53,68.26,0.0,2017
2017-7-25,83.46,68.88,0.0,2017
2017-7-26,83.89,67.55,0.0,2017
2017-7-27,87.18,66.26,0.0,2017
2017-7-28,83.9,66.36,0.0,2017
2017-7-29,86.82,66.14,0.0,2017
2017-7-30,83.98,68.34,0.0,2017
2017-7-31,85.14,66.37,0.0,2017
2017-8-1,94.22,69.69,0.0165,2017
2017-8-2,92.4,75.05,0.0,2017
2017-8-3,91.56,75.51,0.0,2017
2017-8-4,88.08,71.8,0.0,2017
2017-8-5,84.78,68.65,0.0,2017
2017-8-6,83.62,68.64,0.0,2017
2017-8-7,85.02,66.76,0.0,2017
2017-8-8,87.76,66.41,0.0,2017
2017-8-9,85.65,65.73,0.0,2017
2017-8-10,86.49,66.95,0.0,2017
2017-8-11,87.13,66.91,0.0,2017
2017-8-12,85.34,66.56,0.0,2017
2017-8-13,85.35,66.37,0.0,2017
2017-8-14,80.3,66.72,0.0,2017
2017-8-15,75.92,66.15,0.0,2017
2017-8-16,78.62,65.91,0.0,2017
2017-8-17,81.52,63.6,0.0,2017
2017-8-18,82.05,64.69,0.0,2017
2017-8-19,81.41,65.09,0.0,2017
2017-8-20,80.45,65.7,0.0,2017
2017-8-21,81.67,67.21,0.0,2017
2017-8-22,83.3,64.13,0.0,2017
2017-8-23,80.13,66.21,0.0,2017
2017-8-24,81.09,66.36,0.0,2017
2017-8-25,81.17,66.38,0.0,2017
2017-8-26,88.94,66.33,0.0,2017
2017-8-27,87.63,67.45,0.0,2017
2017-8-28,94.22,68.87,0.0,2017
2017-8-29,98.28,72.52,0.0,2017
2017-8-30,97.69,72.7,0.003,2017
2017-8-31,102.28,74.97,0.0,2017
2017-9-1,103.95,75.69,0.0,2017
2017-9-2,98.55,77.28,0.0,2017
2017-9-3,94.94,75.75,0.1115,2017
2017-9-4,82.1,71.82,0.023,2017
2017-9-5,86.51,69.68,0.0025,2017
2017-9-6,85.49,69.67,0.0045,2017
2017-9-7,87.27,66.06,0.0,2017
2017-9-8,82.91,66.25,0.0,2017
2017-9-9,84.73,66.23,0.0,2017
2017-9-10,93.56,67.46,0.0,2017
2017-9-11,90.94,71.53,0.0035,2017
2017-9-12,82.77,68.52,0.0,2017
2017-9-13,78.41,65.42,0.0,2017
2017-9-14,74.33,62.13,0.0,2017
2017-9-15,74.91,64.95,0.0,2017
2017-9-16,78.53,63.07,0.0,2017
2017-9-17,74.98,65.12,0.0,2017
2017-9-18,77.73,61.33,0.0,2017
2017-9-19,75.41,66.02,0.0,2017
2017-9-20,76.73,63.46,0.0,2017
2017-9-21,70.96,61.58,0.039,2017
2017-9-22,73.03,57.11,0.0,2017
2017-9-23,74.65,56.03,0.0,2017
2017-9-24,83.24,57.69,0.0,2017
2017-9-25,86.85,62.18,0.0,2017
2017-9-26,84.4,62.21,0.0,2017
2017-9-27,86.76,62.23,0.0,2017
2017-9-28,90.38,62.63,0.0015,2017
2017-9-29,89.56,64.16,0.0,2017
2017-9-30,79.94,63.34,0.0,2017
2017-10-1,77.33,64.5,0.0,2017
2017-10-2,76.93,61.51,0.0,2017
2017-10-3,72.94,61.2,0.001,2017
2017-10-4,79.84,57.53,0.0,2017
2017-10-5,84.44,57.93,0.0,2017
2017-10-6,93.38,60.27,0.0,2017
2017-10-7,95.68,64.18,0.0,2017
2017-10-8,79.13,62.55,0.0,2017
2017-10-9,84.53,62.43,0.0,2017
2017-10-10,85.26,60.31,0.0,2017
2017-10-11,77.46,59.17,0.0,2017
2017-10-12,76.17,60.15,0.0,2017
2017-10-13,77.71,57.71,0.0,2017
2017-10-14,86.9,58.23,0.001,2017
2017-10-15,94.95,64.35,0.0,2017
2017-10-16,95.96,66.5,0.0,2017
2017-10-17,92.71,67.94,0.0,2017
2017-10-18,85.33,66.86,0.0,2017
2017-10-19,75.92,63.84,0.0,2017
2017-10-20,72.14,62.86,0.0065,2017
2017-10-21,77.86,58.29,0.0,2017
2017-10-22,92.78,64.08,0.0,2017
2017-10-23,102.22,70.54,0.0,2017
2017-10-24,102.99,79.45,0.0,2017
2017-10-25,99.32,74.34,0.0,2017
2017-10-26,91.96,66.11,0.0,2017
2017-10-27,86.59,62.95,0.0,2017
2017-10-28,81.67,61.58,0.0,2017
2017-10-29,73.02,61.06,0.0,2017
2017-10-30,68.54,62.96,0.0025,2017
2017-10-31,67.97,62.03,0.018000000000000002,2017
2017-11-1,70.53,62.48,0.0,2017
2017-11-2,65.45,60.58,0.025,2017
2017-11-3,69.09,58.54,0.0,2017
2017-11-4,71.64,55.7,0.0,2017
2017-11-5,69.73,58.77,0.0235,2017
2017-11-6,71.51,57.75,0.0,2017
2017-11-7,75.3,58.81,0.0,2017
2017-11-8,76.02,56.72,0.0,2017
2017-11-9,71.37,59.62,0.0,2017
2017-11-10,69.73,57.01,0.0,2017
2017-11-11,71.97,53.25,0.0,2017
2017-11-12,69.33,55.65,0.0,2017
2017-11-13,74.04,53.0,0.0,2017
2017-11-14,78.11,54.96,0.0,2017
2017-11-15,78.67,58.65,0.0,2017
2017-11-16,77.92,60.27,0.0,2017
2017-11-17,72.58,60.13,0.006,2017
2017-11-18,76.91,55.23,0.0015,2017
2017-11-19,76.21,55.17,0.0,2017
2017-11-20,74.8,52.74,0.0,2017
2017-11-21,86.4,60.33,0.0,2017
2017-11-22,94.48,65.81,0.0,2017
2017-11-23,92.17,67.05,0.0,2017
2017-11-24,85.18,60.66,0.0,2017
2017-11-25,83.46,60.3,0.0,2017
2017-11-26,72.71,57.41,0.0,2017
2017-11-27,66.45,54.97,0.031,2017
2017-11-28,75.77,50.25,0.0,2017
2017-11-29,74.61,53.07,0.0,2017
2017-11-30,74.73,52.16,0.0015,2017
2017-12-1,74.24,53.77,0.0,2017
2017-12-2,76.24,52.83,0.0,2017
2017-12-3,69.03,52.03,0.0,2017
2017-12-4,70.27,51.85,0.0,2017
2017-12-5,69.7,54.88,0.0,2017
2017-12-6,75.98,50.65,0.0,2017
2017-12-7,78.14,57.36,0.0,2017
2017-12-8,78.34,55.11,0.0,2017
2017-12-9,83.22,56.58,0.0,2017
2017-12-10,81.59,58.17,0.0,2017
2017-12-11,80.67,59.06,0.0,2017
2017-12-12,82.07,55.27,0.0,2017
2017-12-13,81.44,54.27,0.0,2017
2017-12-14,77.04,50.52,0.0,2017
2017-12-15,80.54,54.66,0.0,2017
2017-12-16,66.84,53.34,0.0,2017
2017-12-17,70.75,53.06,0.0,2017
2017-12-18,71.2,50.55,0.0,2017
2017-12-19,68.24,48.32,0.0,2017
2017-12-20,59.71,46.99,0.0075,2017
2017-12-21,62.06,45.32,0.0,2017
2017-12-22,65.36,42.67,0.0,2017
2017-12-23,66.97,47.12,0.0,2017
2017-12-24,73.82,48.91,0.0,2017
2017-12-25,68.85,47.03,0.0,2017
2017-12-26,67.76,48.67,0.0,2017
2017-12-27,77.17,49.41,0.001,2017
2017-12-28,80.9,50.8,0.0,2017
2017-12-29,82.56,53.53,0.0,2017
2017-12-30,74.25,51.44,0.0015,2017
2017-12-31,68.26,51.74,0.0,2017
2018-1-1,71.5,49.5,0.0,2018
2018-1-2,77.53,54.88,0.0,2018
2018-1-3,74.21,56.89,0.0,2018
2018-1-4,75.29,55.5,0.0,2018
2018-1-5,72.61,55.68,0.0,2018
2018-1-6,68.73,58.53,0.0,2018
2018-1-7,72.22,56.44,0.0,2018
2018-1-8,66.2,60.68,0.4495,2018
2018-1-9,61.44,51.51,0.7815,2018
2018-1-10,63.78,49.67,0.0435,2018
2018-1-11,70.08,50.01,0.0055,2018
2018-1-12,73.56,52.45,0.0015,2018
2018-1-13,83.72,57.76,0.0,2018
2018-1-14,81.64,59.63,0.0,2018
2018-1-15,71.17,52.68,0.0,2018
2018-1-16,70.38,53.9,0.0,2018
2018-1-17,77.69,54.94,0.0,2018
2018-1-18,74.67,56.32,0.0,2018
2018-1-19,62.58,53.71,0.0215,2018
2018-1-20,61.89,50.55,0.001,2018
2018-1-21,63.38,43.88,0.0,2018
2018-1-22,67.98,46.47,0.0,2018
2018-1-23,74.56,49.74,0.0,2018
2018-1-24,74.98,52.16,0.0,2018
2018-1-25,61.84,48.6,0.0,2018
2018-1-26,66.07,45.89,0.0,2018
2018-1-27,73.83,49.57,0.0,2018
2018-1-28,83.71,57.06,0.0,2018
2018-1-29,86.12,64.24,0.0,2018
2018-1-30,81.0,60.3,0.0,2018
2018-1-31,78.94,55.73,0.0,2018
2018-2-1,80.22,55.12,0.0,2018
2018-2-2,82.66,55.85,0.0,2018
2018-2-3,80.77,55.06,0.0,2018
2018-2-4,81.35,54.63,0.0,2018
2018-2-5,76.82,55.7,0.0,2018
2018-2-6,73.49,54.47,0.0,2018
2018-2-7,82.59,53.93,0.0,2018
2018-2-8,83.0,55.51,0.0,2018
2018-2-9,73.55,55.99,0.0,2018
2018-2-10,64.73,55.77,0.0,2018
2018-2-11,70.83,51.53,0.0,2018
2018-2-12,61.51,51.38,0.05,2018
2018-2-13,64.6,49.17,0.037000000000000005,2018
2018-2-14,67.25,54.5,0.0075,2018
2018-2-15,70.59,52.14,0.0,2018
2018-2-16,73.85,53.55,0.0,2018
2018-2-17,74.65,51.18,0.0,2018
2018-2-18,66.9,50.16,0.0,2018
2018-2-19,56.17,47.03,0.0025,2018
2018-2-20,59.16,40.2,0.0,2018
2018-2-21,59.02,43.97,0.0,2018
2018-2-22,59.05,42.92,0.0,2018
2018-2-23,57.83,44.86,0.005,2018
2018-2-24,61.77,41.26,0.0,2018
2018-2-25,68.25,44.32,0.0,2018
2018-2-26,64.25,45.53,0.2955,2018
2018-2-27,53.64,43.48,0.3045,2018
2018-2-28,60.51,40.47,0.0,2018
2018-3-1,61.59,45.93,0.003,2018
2018-3-2,56.98,51.36,0.29100000000000004,2018
2018-3-3,58.99,48.3,0.129,2018
2018-3-4,61.66,42.25,0.0,2018
2018-3-5,72.1,47.37,0.0,2018
2018-3-6,77.36,52.5,0.0,2018
2018-3-7,71.61,53.3,0.0,2018
2018-3-8,74.49,52.03,0.0,2018
2018-3-9,69.77,53.71,0.0,2018
2018-3-10,60.1,56.56,0.418,2018
2018-3-11,66.74,56.45,0.275,2018
2018-3-12,71.25,57.01,0.002,2018
2018-3-13,67.47,58.32,0.11199999999999999,2018
2018-3-14,63.52,54.17,0.205,2018
2018-3-15,63.84,52.16,0.46,2018
2018-3-16,59.24,50.05,0.18899999999999997,2018
2018-3-17,59.98,50.47,0.1185,2018
2018-3-18,62.25,45.11,0.0,2018
2018-3-19,72.52,48.94,0.0,2018
2018-3-20,71.0,55.35,0.019,2018
2018-3-21,64.66,56.77,0.42200000000000004,2018
2018-3-22,62.42,56.6,0.517,2018
2018-3-23,67.33,55.63,0.0915,2018
2018-3-24,63.96,52.1,0.0,2018
2018-3-25,62.38,50.2,0.0,2018
2018-3-26,68.83,49.51,0.0,2018
2018-3-27,75.04,51.98,0.0,2018
2018-3-28,75.22,52.23,0.0,2018
2018-3-29,75.54,53.79,0.0,2018
2018-3-30,78.81,54.46,0.0,2018
2018-3-31,73.64,54.6,0.0,2018
2018-4-1,68.66,55.54,0.0,2018
2018-4-2,67.15,56.48,0.0,2018
2018-4-3,70.7,55.83,0.0,2018
2018-4-4,69.51,54.39,0.0,2018
2018-4-5,69.31,56.08,0.0,2018
2018-4-6,70.48,54.63,0.0,2018
2018-4-7,71.41,57.71,0.0,2018
2018-4-8,75.75,56.23,0.0,2018
2018-4-9,93.61,58.19,0.0,2018
2018-4-10,88.92,61.98,0.0,2018
2018-4-11,78.28,59.4,0.0,2018
2018-4-12,68.63,54.02,0.0,2018
2018-4-13,78.27,53.98,0.0,2018
2018-4-14,84.5,57.8,0.0,2018
2018-4-15,77.5,55.85,0.0,2018
2018-4-16,63.99,52.44,0.0,2018
2018-4-17,69.43,49.01,0.0,2018
2018-4-18,71.2,51.93,0.0,2018
2018-4-19,62.44,50.27,0.0505,2018
2018-4-20,72.93,51.57,0.0,2018
2018-4-21,84.07,53.98,0.0,2018
2018-4-22,82.61,57.76,0.0,2018
2018-4-23,78.56,57.47,0.0,2018
2018-4-24,73.75,54.63,0.0,2018
2018-4-25,74.34,55.24,0.0,2018
2018-4-26,71.79,54.69,0.0,2018
2018-4-27,69.98,55.25,0.0,2018
2018-4-28,70.52,53.23,0.0,2018
2018-4-29,68.45,54.15,0.0,2018
2018-4-30,64.35,55.67,0.0,2018
2018-5-1,58.84,54.47,0.012,2018
2018-5-2,62.48,53.04,0.0185,2018
2018-5-3,72.66,52.2,0.0,2018
2018-5-4,88.17,56.83,0.0,2018
2018-5-5,88.54,61.9,0.0,2018
2018-5-6,81.37,61.29,0.0,2018
2018-5-7,78.37,56.78,0.0,2018
2018-5-8,79.09,58.06,0.0,2018
2018-5-9,77.74,59.32,0.0,2018
2018-5-10,74.97,59.78,0.0,2018
2018-5-11,62.93,58.99,0.0135,2018
2018-5-12,64.65,56.82,0.03,2018
2018-5-13,69.18,58.17,0.0285,2018
2018-5-14,69.04,54.83,0.0,2018
2018-5-15,70.8,54.64,0.0,2018
2018-5-16,72.56,53.88,0.0,2018
2018-5-17,70.81,54.45,0.0,2018
2018-5-18,68.89,58.62,0.0,2018
2018-5-19,67.78,58.45,0.0,2018
2018-5-20,68.44,60.11,0.0,2018
2018-5-21,63.41,59.4,0.025,2018
2018-5-22,66.07,58.76,0.0025,2018
2018-5-23,69.4,59.25,0.0,2018
2018-5-24,65.35,58.66,0.0085,2018
2018-5-25,68.0,57.59,0.002,2018
2018-5-26,68.2,56.45,0.0,2018
2018-5-27,73.21,57.56,0.0,2018
2018-5-28,76.75,57.82,0.0,2018
2018-5-29,74.59,60.2,0.0,2018
2018-5-30,68.32,59.7,0.0145,2018
2018-5-31,71.04,61.23,0.006,2018
2018-6-1,75.55,57.16,0.0,2018
2018-6-2,80.92,60.52,0.0,2018
2018-6-3,82.98,61.46,0.0,2018
2018-6-4,78.37,61.09,0.0,2018
2018-6-5,74.3,61.92,0.0,2018
2018-6-6,74.8,62.16,0.0,2018
2018-6-7,77.73,59.56,0.0,2018
2018-6-8,84.45,61.05,0.0,2018
2018-6-9,81.24,63.72,0.0,2018
2018-6-10,80.16,62.68,0.0,2018
2018-6-11,86.11,64.22,0.0,2018
2018-6-12,84.52,65.7,0.0,2018
2018-6-13,84.86,63.71,0.0,2018
2018-6-14,89.81,63.39,0.0,2018
2018-6-15,81.67,64.21,0.0,2018
2018-6-16,69.08,61.87,0.0,2018
2018-6-17,67.32,60.61,0.0015,2018
2018-6-18,72.78,60.17,0.0,2018
2018-6-19,78.78,59.52,0.0,2018
2018-6-20,82.75,61.75,0.0,2018
2018-6-21,81.39,63.9,0.0,2018
2018-6-22,82.27,64.44,0.0,2018
2018-6-23,73.08,63.84,0.0,2018
2018-6-24,77.01,63.06,0.0,2018
2018-6-25,80.35,62.83,0.0,2018
2018-6-26,82.14,62.9,0.0,2018
2018-6-27,82.43,63.32,0.0,2018
2018-6-28,78.76,62.9,0.0,2018
2018-6-29,76.18,64.1,0.0,2018
2018-6-30,78.3,64.36,0.0,2018
2018-7-1,80.38,63.57,0.0,2018
2018-7-2,80.0,64.41,0.0,2018
2018-7-3,77.85,64.34,0.0,2018
2018-7-4,82.08,64.17,0.0,2018
2018-7-5,93.41,63.71,0.0,2018
2018-7-6,111.37,73.35,0.0,2018
2018-7-7,101.11,79.58,0.0,2018
2018-7-8,95.28,78.93,0.0,2018
2018-7-9,93.97,75.03,0.0,2018
2018-7-10,88.79,74.29,0.0,2018
2018-7-11,89.18,71.15,0.0,2018
2018-7-12,89.01,71.98,0.0,2018
2018-7-13,87.15,70.62,0.0,2018
2018-7-14,89.18,69.69,0.0,2018
2018-7-15,88.0,70.16,0.0,2018
2018-7-16,86.14,69.62,0.0,2018
2018-7-17,85.3,68.66,0.0,2018
2018-7-18,86.76,69.6,0.0,2018
2018-7-19,86.9,70.29,0.0,2018
2018-7-20,84.73,69.61,0.0,2018
2018-7-21,85.51,68.25,0.0,2018
2018-7-22,90.47,68.96,0.0,2018
2018-7-23,95.44,73.17,0.0,2018
2018-7-24,96.62,73.25,0.0,2018
2018-7-25,94.37,73.46,0.0,2018
2018-7-26,87.35,72.26,0.0,2018
2018-7-27,92.14,70.3,0.0,2018
2018-7-28,87.09,69.92,0.0,2018
2018-7-29,93.15,69.99,0.0,2018
2018-7-30,91.44,73.39,0.0,2018
2018-7-31,92.78,71.98,0.0,2018
2018-8-1,92.74,73.04,0.0,2018
2018-8-2,90.02,73.21,0.0,2018
2018-8-3,90.94,71.16,0.0,2018
2018-8-4,89.82,70.15,0.0,2018
2018-8-5,90.01,70.31,0.0,2018
2018-8-6,96.54,70.83,0.0,2018
2018-8-7,97.47,73.62,0.0,2018
2018-8-8,94.66,73.47,0.0,2018
2018-8-9,96.49,73.62,0.0,2018
2018-8-10,91.76,75.38,0.0,2018
2018-8-11,89.44,72.96,0.0,2018
2018-8-12,87.55,71.19,0.0,2018
2018-8-13,85.72,69.06,0.0,2018
2018-8-14,84.48,67.73,0.0,2018
2018-8-15,85.88,69.37,0.0,2018
2018-8-16,86.37,70.56,0.0,2018
2018-8-17,87.61,72.2,0.0,2018
2018-8-18,87.68,71.17,0.0,2018
2018-8-19,87.57,70.07,0.0,2018
2018-8-20,84.39,70.53,0.0,2018
2018-8-21,85.0,71.06,0.0,2018
2018-8-22,86.44,70.6,0.0,2018
2018-8-23,86.2,68.37,0.0,2018
2018-8-24,82.76,67.49,0.0,2018
2018-8-25,82.25,66.19,0.0,2018
2018-8-26,82.92,67.24,0.0,2018
2018-8-27,81.24,66.08,0.0,2018
2018-8-28,81.74,64.72,0.0,2018
2018-8-29,86.73,66.86,0.0,2018
2018-8-30,88.09,66.3,0.0,2018
2018-8-31,86.04,66.08,0.0,2018
2018-9-1,81.19,67.14,0.0,2018
2018-9-2,79.91,68.07,0.0,2018
2018-9-3,81.38,68.36,0.0,2018
2018-9-4,79.28,68.13,0.0,2018
2018-9-5,79.88,67.27,0.0,2018
2018-9-6,80.81,65.99,0.0,2018
2018-9-7,87.9,65.53,0.0,2018
2018-9-8,91.87,67.89,0.0,2018
2018-9-9,90.84,68.21,0.0,2018
2018-9-10,84.99,66.21,0.0,2018
2018-9-11,81.67,66.0,0.0,2018
2018-9-12,82.23,66.14,0.0,2018
2018-9-13,86.82,64.99,0.0,2018
2018-9-14,92.96,66.66,0.0,2018
2018-9-15,87.34,66.27,0.0,2018
2018-9-16,87.86,66.17,0.0,2018
2018-9-17,87.4,65.08,0.0,2018
2018-9-18,85.75,63.76,0.0,2018
2018-9-19,82.98,62.46,0.0,2018
2018-9-20,83.15,63.71,0.0,2018
2018-9-21,83.37,65.8,0.0,2018
2018-9-22,88.1,66.05,0.0,2018
2018-9-23,82.48,66.79,0.0,2018
2018-9-24,77.26,64.51,0.0,2018
2018-9-25,76.56,63.88,0.0,2018
2018-9-26,84.54,63.23,0.0,2018
2018-9-27,86.86,65.35,0.0,2018
2018-9-28,81.9,65.94,0.0,2018
2018-9-29,79.94,65.66,0.0,2018
2018-9-30,85.34,63.13,0.0,2018
2018-10-1,89.65,68.84,0.0,2018
2018-10-2,78.72,68.72,0.0,2018
2018-10-3,74.9,67.53,0.0645,2018
2018-10-4,75.69,63.86,0.057,2018
2018-10-5,76.69,63.64,0.0,2018
2018-10-6,73.09,63.82,0.0,2018
2018-10-7,75.09,62.58,0.0,2018
2018-10-8,75.52,61.9,0.0,2018
2018-10-9,74.97,62.82,0.0,2018
2018-10-10,72.63,61.27,0.0,2018
2018-10-11,73.79,59.8,0.0,2018
2018-10-12,81.25,61.27,0.3065,2018
2018-10-13,67.84,63.01,0.3395,2018
2018-10-14,71.87,62.04,0.0,2018
2018-10-15,79.21,62.95,0.0,2018
2018-10-16,82.47,58.78,0.0,2018
2018-10-17,81.73,60.53,0.0,2018
2018-10-18,85.12,61.9,0.0,2018
2018-10-19,88.0,65.99,0.0,2018
2018-10-20,88.1,66.08,0.0,2018
2018-10-21,80.27,63.87,0.0,2018
2018-10-22,76.71,62.38,0.0,2018
2018-10-23,77.36,62.36,0.0,2018
2018-10-24,79.28,62.37,0.0,2018
2018-10-25,79.67,63.71,0.0,2018
2018-10-26,88.66,63.86,0.0,2018
2018-10-27,86.92,64.07,0.0,2018
2018-10-28,82.44,61.56,0.0,2018
2018-10-29,76.11,61.29,0.0,2018
2018-10-30,75.13,61.3,0.0,2018
2018-10-31,79.83,60.58,0.0,2018
2018-11-1,83.11,61.33,0.0,2018
2018-11-2,88.41,64.75,0.0,2018
2018-11-3,87.27,64.34,0.0,2018
2018-11-4,83.86,64.87,0.0,2018
2018-11-5,76.01,61.19,0.0,2018
2018-11-6,75.34,62.7,0.0,2018
2018-11-7,71.82,60.67,0.0,2018
2018-11-8,76.14,58.41,0.0,2018
2018-11-9,79.99,61.01,0.0,2018
2018-11-10,77.61,56.12,0.0,2018
2018-11-11,76.21,52.06,0.0,2018
2018-11-12,76.47,55.19,0.0,2018
2018-11-13,74.56,56.21,0.0,2018
2018-11-14,78.95,61.53,0.0,2018
2018-11-15,79.97,57.35,0.0,2018
2018-11-16,75.19,56.69,0.0,2018
2018-11-17,71.44,56.59,0.0,2018
2018-11-18,74.67,55.67,0.0,2018
2018-11-19,72.39,56.75,0.0,2018
2018-11-20,72.81,55.0,0.0,2018
2018-11-21,69.76,54.09,0.04,2018
2018-11-22,67.05,56.73,0.5545,2018
2018-11-23,68.58,54.12,0.0,2018
2018-11-24,69.01,55.71,0.0,2018
2018-11-25,74.7,55.83,0.0,2018
2018-11-26,76.95,59.31,0.0,2018
2018-11-27,75.06,58.8,0.0,2018
2018-11-28,67.31,54.49,0.0105,2018
2018-11-29,61.59,54.67,0.7765,2018
2018-11-30,65.19,52.69,0.012,2018
2018-12-1,63.83,50.21,0.0,2018
2018-12-2,63.08,51.38,0.0,2018
2018-12-3,66.86,50.41,0.0,2018
2018-12-4,69.79,53.13,0.0,2018
2018-12-5,57.68,51.8,0.1925,2018
2018-12-6,55.43,52.91,1.053,2018
2018-12-7,68.1,52.67,0.0085,2018
2018-12-8,70.7,52.67,0.0,2018
2018-12-9,70.57,55.33,0.0,2018
2018-12-10,66.81,57.51,0.0,2018
2018-12-11,69.34,53.59,0.0,2018
2018-12-12,66.04,52.84,0.0,2018
2018-12-13,76.02,52.52,0.0,2018
2018-12-14,67.05,57.9,0.0,2018
2018-12-15,73.62,53.01,0.0,2018
2018-12-16,71.11,51.66,0.0,2018
2018-12-17,64.95,55.24,0.0015,2018
2018-12-18,67.45,53.96,0.0,2018
2018-12-19,75.36,53.16,0.0,2018
2018-12-20,78.32,54.26,0.0,2018
2018-12-21,70.17,57.16,0.0,2018
2018-12-22,69.94,52.98,0.0,2018
2018-12-23,66.03,52.68,0.0,2018
2018-12-24,66.7,53.98,0.017,2018
2018-12-25,64.13,54.17,0.044000000000000004,2018
2018-12-26,65.43,49.44,0.0,2018
2018-12-27,62.71,49.58,0.0,2018
2018-12-28,59.48,48.88,0.0,2018
2018-12-29,61.63,43.24,0.0,2018
2018-12-30,63.63,46.17,0.0,2018
2018-12-31,60.8,48.3,0.0,2018
